{
  "overall_accuracy": 0.92,
  "classification_report": {
    "billing": {
      "precision": 0.8636363636363636,
      "recall": 0.95,
      "f1-score": 0.9047619047619048,
      "support": 20.0
    },
    "technical_issue": {
      "precision": 0.9411764705882353,
      "recall": 0.8,
      "f1-score": 0.8648648648648649,
      "support": 20.0
    },
    "feature_request": {
      "precision": 0.8695652173913043,
      "recall": 1.0,
      "f1-score": 0.9302325581395349,
      "support": 20.0
    },
    "complaint": {
      "precision": 0.9473684210526315,
      "recall": 0.9,
      "f1-score": 0.9230769230769231,
      "support": 20.0
    },
    "other": {
      "precision": 1.0,
      "recall": 0.95,
      "f1-score": 0.9743589743589743,
      "support": 20.0
    },
    "accuracy": 0.92,
    "macro avg": {
      "precision": 0.9243492945337068,
      "recall": 0.9199999999999999,
      "f1-score": 0.9194590450404403,
      "support": 100.0
    },
    "weighted avg": {
      "precision": 0.924349294533707,
      "recall": 0.92,
      "f1-score": 0.9194590450404405,
      "support": 100.0
    }
  },
  "confusion_matrix": [
    [
      19,
      0,
      1,
      0,
      0
    ],
    [
      0,
      19,
      0,
      1,
      0
    ],
    [
      0,
      0,
      20,
      0,
      0
    ],
    [
      2,
      0,
      1,
      16,
      1
    ],
    [
      1,
      0,
      1,
      0,
      18
    ]
  ],
  "confusion_matrix_labels": [
    "billing",
    "technical_issue",
    "feature_request",
    "complaint",
    "other"
  ],
  "most_confused_pair": {
    "class_1": "complaint",
    "class_2": "billing",
    "count": 2
  }
}